{"lr":6.000005549340061e-05,"_step":4999,"train/loss":1.9665472507476807,"_wandb":{"runtime":107},"_runtime":107.936219673,"val/loss":5.499411106109619,"_timestamp":1.7804417734274766e+09,"train/batch_loss":2.4607372283935547}