{"raw/stranded_fraction":0.11438382043216129,"_wandb":{"runtime":788},"total reward":0.14746548294195028,"policy loss":-0.00835404172539711,"raw/kl_nats":3.7371020317077637,"raw/dialogue_fraction":0.5329421522069828,"value loss":0.007356871443334967,"raw/pair_score":0.875,"entropy":2.8090115189552307,"reward - pairs":0.2625,"penalty - kl":0.3737102031707764,"reward - dialogue":0.37305950654488795,"_runtime":788.347473793,"penalty - stranded":0.11438382043216129,"_step":1999,"raw/valid_pairs":2.3125,"_timestamp":1.7808778784918098e+09}