{"rl/pg_loss":-0.009060695767402649,"_step":199,"rl/valid_pairs":2.5,"rl/total_reward":0.12755057005822162,"rl/kl":3.7295944690704346,"rl/term_pairs":0.2625,"rl/term_stranded":-0.09613306761630314,"_runtime":79.927906085,"rl/dialogue_fraction":0.4773472636879547,"rl/term_dialogue":0.3341430845815683,"rl/task_reward":0.5005100169652651,"rl/value_loss":0.016981644672341645,"rl/entropy":2.8120132982730865,"rl/term_kl":-0.37295944690704347,"_timestamp":1.7808605708306766e+09,"rl/pair_score":0.875,"rl/stranded_fraction":0.09613306761630314,"_wandb":{"runtime":79}}