{"_wandb":{"runtime":80},"rl/term_pairs":0.2625,"rl/value_loss":0.016981644672341645,"rl/task_reward":0.5005100169652651,"_step":199,"rl/pg_loss":-0.009060695767402649,"_timestamp":1.7808609391249857e+09,"rl/kl":3.7295944690704346,"rl/entropy":2.8120132982730865,"_runtime":80.103061777,"rl/term_kl":-0.37295944690704347,"rl/total_reward":0.12755057005822162,"rl/valid_pairs":2.5,"rl/term_dialogue":0.3341430845815683,"rl/stranded_fraction":0.09613306761630314,"rl/pair_score":0.875,"rl/term_stranded":-0.09613306761630314,"rl/dialogue_fraction":0.4773472636879547}