{"val/loss":5.208442211151123,"_timestamp":1.7804424977055988e+09,"train/batch_loss":4.301396369934082,"lr":6.000005549340061e-05,"_step":4999,"_runtime":105.849051308,"_wandb":{"runtime":105},"train/loss":3.9604296684265137}