{"lr":6.000000940891595e-05,"_step":11999,"train/loss":3.6037397384643555,"_wandb":{"runtime":294},"_runtime":294.371835177,"val/loss":4.9560723304748535,"_timestamp":1.7806889050587273e+09,"train/batch_loss":3.5355966091156006}