{"penalty - kl":0.37295944690704347,"total reward":0.12755057005822162,"raw/dialogue_fraction":0.4773472636879547,"_step":199,"raw/stranded_fraction":0.09613306761630314,"raw/pair_score":0.875,"_timestamp":1.7808769041298862e+09,"entropy":2.8120132982730865,"reward - dialogue":0.3341430845815683,"penalty - stranded":0.09613306761630314,"raw/valid_pairs":2.5,"value loss":0.016981644672341645,"reward - pairs":0.2625,"_wandb":{"runtime":77},"policy loss":-0.009060695767402649,"raw/kl_nats":3.7295944690704346,"_runtime":77.526114593}